sample_id,medical_similarity,terminology_coverage,pathology_relevance,clinical_coherence,overall_medical_score,error_messages
test_6074,0.44999999999999996,1.0,0.16666666666666666,0.7,0.5525,[]
test_0204,0.25,0.75,0.0,0.46499999999999997,0.34299999999999997,[]
test_5238,0.55,1.0,0.0,0.5049999999999999,0.4885,[]
test_0912,0.25,0.85,0.0,0.46499999999999997,0.368,[]
test_2253,0.2,0.325,0.0,0.39,0.20925000000000002,[]
