{
  "total_samples": 5,
  "medical_similarity": {
    "mean": 0.33999999999999997,
    "std": 0.13564659966250536,
    "min": 0.2,
    "max": 0.55,
    "median": 0.25
  },
  "terminology_coverage": {
    "mean": 0.785,
    "std": 0.24879710609249456,
    "min": 0.325,
    "max": 1.0,
    "median": 0.85
  },
  "pathology_relevance": {
    "mean": 0.03333333333333333,
    "std": 0.06666666666666667,
    "min": 0.0,
    "max": 0.16666666666666666,
    "median": 0.0
  },
  "clinical_coherence": {
    "mean": 0.505,
    "std": 0.10435516278555651,
    "min": 0.39,
    "max": 0.7,
    "median": 0.46499999999999997
  },
  "overall_medical_score": {
    "mean": 0.39224999999999993,
    "std": 0.11953806924992556,
    "min": 0.20925000000000002,
    "max": 0.5525,
    "median": 0.368
  },
  "error_rate": 0.0,
  "performance_distribution": {
    "excellent (≥0.8)": 0,
    "good (0.6-0.8)": 0,
    "fair (0.4-0.6)": 2,
    "poor (<0.4)": 3
  }
}