{
  "basic": {
    "total_samples": 5,
    "successful_samples": 5,
    "success_rate": 1.0,
    "answer_relevance": {
      "mean": 0.12,
      "std": 0.14696938456699069,
      "scores": [
        0.3,
        0.0,
        0.0,
        0.3,
        0.0
      ]
    },
    "semantic_similarity": {
      "mean": 0.32596280574798586,
      "std": 0.14234541830126168,
      "scores": [
        0.4642476439476013,
        0.481941819190979,
        0.10469453036785126,
        0.3453001081943512,
        0.23362992703914642
      ]
    },
    "reformulation_quality": {
      "mean": 0,
      "count": 0
    },
    "attention_quality": {
      "mean": 0,
      "count": 0
    },
    "reasoning_confidence": {
      "mean": 0,
      "count": 0
    }
  },
  "explainable": {
    "total_samples": 5,
    "successful_samples": 5,
    "success_rate": 1.0,
    "answer_relevance": {
      "mean": 0.12,
      "std": 0.14696938456699069,
      "scores": [
        0.3,
        0.0,
        0.0,
        0.3,
        0.0
      ]
    },
    "semantic_similarity": {
      "mean": 0.2953107237815857,
      "std": 0.15759312219295235,
      "scores": [
        0.27465179562568665,
        0.22100001573562622,
        0.050436973571777344,
        0.481344074010849,
        0.44912075996398926
      ]
    },
    "reformulation_quality": {
      "mean": 0.96,
      "count": 5
    },
    "attention_quality": {
      "mean": 0.9023295974731445,
      "count": 5
    },
    "reasoning_confidence": {
      "mean": 0,
      "count": 0
    }
  },
  "explainable_bbox": {
    "total_samples": 5,
    "successful_samples": 5,
    "success_rate": 1.0,
    "answer_relevance": {
      "mean": 0.13999999999999999,
      "std": 0.17435595774162696,
      "scores": [
        0.3,
        0.0,
        0.0,
        0.4,
        0.0
      ]
    },
    "semantic_similarity": {
      "mean": 0.3536121889948845,
      "std": 0.17996024102223798,
      "scores": [
        0.3778237998485565,
        0.249571293592453,
        0.07780881971120834,
        0.6063048839569092,
        0.4565521478652954
      ]
    },
    "reformulation_quality": {
      "mean": 0.96,
      "count": 5
    },
    "attention_quality": {
      "mean": 0.9023295974731445,
      "count": 5
    },
    "reasoning_confidence": {
      "mean": 0,
      "count": 0
    }
  },
  "enhanced": {
    "total_samples": 5,
    "successful_samples": 5,
    "success_rate": 1.0,
    "answer_relevance": {
      "mean": 0.12,
      "std": 0.14696938456699069,
      "scores": [
        0.3,
        0.0,
        0.0,
        0.3,
        0.0
      ]
    },
    "semantic_similarity": {
      "mean": 0.2767352879047394,
      "std": 0.13216569899227437,
      "scores": [
        0.3514058291912079,
        0.22194679081439972,
        0.06563328206539154,
        0.4615495204925537,
        0.28314101696014404
      ]
    },
    "reformulation_quality": {
      "mean": 0.9199999999999999,
      "count": 5
    },
    "attention_quality": {
      "mean": 0.9023295974731445,
      "count": 5
    },
    "reasoning_confidence": {
      "mean": 0.8923735707642626,
      "count": 5
    }
  },
  "enhanced_bbox": {
    "total_samples": 5,
    "successful_samples": 5,
    "success_rate": 1.0,
    "answer_relevance": {
      "mean": 0.12,
      "std": 0.14696938456699069,
      "scores": [
        0.3,
        0.0,
        0.0,
        0.3,
        0.0
      ]
    },
    "semantic_similarity": {
      "mean": 0.3130878426134586,
      "std": 0.16132354473088056,
      "scores": [
        0.34782874584198,
        0.22117236256599426,
        0.051351357251405716,
        0.49613282084465027,
        0.44895392656326294
      ]
    },
    "reformulation_quality": {
      "mean": 0.9199999999999999,
      "count": 5
    },
    "attention_quality": {
      "mean": 0.9023295974731445,
      "count": 5
    },
    "reasoning_confidence": {
      "mean": 0.8948945517031976,
      "count": 5
    }
  }
}